Word,Predicted Gender,True Gender
té,m,m
as,m,m
bi,m,m
an,m,m
vie,m,f
cap,m,m
axe,m,m
spa,m,m
mec,m,m
alu,m,m
bru,f,f
taf,m,m
sac,m,m
rai,m,m
faf,m,m
bip,m,m
kir,f,m
tri,m,m
soc,m,m
gon,m,m
pie,f,f
nem,m,m
reg,f,m
gay,m,m
glu,m,f
lob,m,m
gun,m,m
fer,f,m
kil,m,m
mur,f,m
bas,m,m
mer,m,f
far,m,m
lux,m,m
pot,m,m
bec,m,m
rex,m,m
foc,m,m
aga,m,m
leu,m,m
bob,m,m
suc,m,m
rue,f,f
los,m,m
clé,m,f
pli,m,m
moi,m,m
foi,m,f
hic,m,m
van,m,m
tex,m,m
hun,m,m
mob,m,f
mac,m,m
jet,m,m
sud,f,m
vol,m,m
bic,m,m
are,m,m
nef,m,f
duo,m,m
eau,m,f
roi,m,m
tif,m,m
vin,m,m
sen,m,m
kit,m,m
cas,m,m
mou,m,m
kif,m,m
but,m,m
tir,m,m
zip,m,m
max,m,m
est,m,m
bal,m,m
bis,m,m
bug,m,m
ris,m,m
jus,m,m
car,m,m
ais,m,m
kid,f,m
bar,m,m
bol,m,m
ara,m,m
chi,m,m
sas,m,m
net,f,m
ive,f,f
tuf,m,m
sel,m,m
rif,m,m
pou,m,m
obi,m,f
son,m,m
ire,f,f
zen,m,m
ail,m,m
boa,m,m
duc,m,m
val,m,m
par,m,m
best,m,m
côte,m,f
lime,m,f
info,m,f
sève,m,f
sari,m,m
tipi,m,m
onze,m,m
cale,m,f
truc,m,m
plot,m,m
dard,f,m
raki,m,m
sexe,f,m
lino,m,m
code,f,m
suée,f,f
gnou,m,m
mine,m,f
puma,m,m
aède,m,m
para,m,m
keuf,m,f
drag,f,m
cake,f,m
gril,m,m
rata,m,m
acre,f,f
flan,m,m
cité,m,f
fion,m,m
blot,m,m
cerf,m,m
mare,f,f
pire,f,m
dune,f,f
luth,m,m
dupe,f,f
watt,m,m
drap,m,m
cône,m,m
rime,f,f
crue,f,f
pale,m,f
lord,f,m
hâte,m,f
robe,f,f
gnon,m,m
dais,m,m
cave,m,f
keum,m,m
huis,m,m
stop,m,m
judo,f,m
moue,f,f
aise,m,f
rain,m,m
pote,m,m
date,m,f
golf,m,m
dose,m,f
salé,m,m
tong,m,f
imam,m,m
drop,m,m
part,m,f
club,m,m
loge,m,f
piaf,m,m
gris,m,m
bang,m,m
roll,m,m
iode,f,m
pied,f,m
fret,m,m
typo,m,m
trou,m,m
tofu,m,m
bout,m,m
past,m,m
cata,m,f
bigo,m,m
flop,m,m
plie,f,f
dame,m,f
taxe,m,f
boer,m,m
cash,m,m
mess,m,m
buée,m,f
veuf,m,m
arme,m,f
colt,m,m
talc,m,m
miss,m,f
dine,m,f
naja,m,m
till,m,m
tire,f,f
trot,m,m
bain,m,m
lard,f,m
pèze,f,m
lise,f,f
rive,f,f
skaï,m,m
zone,f,f
azur,f,m
soul,m,f
lutz,m,m
puce,f,f
caïd,f,m
muet,m,m
soie,f,f
midi,m,m
mile,m,m
abbé,m,m
cure,f,f
sape,m,f
alfa,m,m
tard,f,m
rack,m,m
bill,m,m
jury,f,m
laps,m,m
rêve,f,m
care,f,f
fine,m,f
tank,m,m
parc,m,m
alma,m,f
yali,m,m
gent,m,f
mime,m,m
team,m,m
gala,m,m
cati,m,m
flou,m,m
trio,m,m
rave,m,f
nerf,f,m
gaze,m,f
puff,m,m
vice,f,m
jazz,m,m
arec,m,m
filé,m,m
mayo,m,f
ring,f,m
diam,m,m
bras,m,m
vote,m,m
sumo,m,m
vrac,m,m
home,f,m
nage,m,f
palu,m,m
ciel,m,m
clin,m,m
âtre,f,m
zoom,m,m
zèle,m,m
nome,m,m
test,m,m
joue,f,f
porc,m,m
fiel,m,m
oued,f,m
brun,m,m
bibi,m,m
soir,m,m
voeu,m,m
cola,m,m
baie,m,f
thon,m,m
acte,m,m
amen,m,m
avis,m,m
chou,m,m
juin,m,m
kipa,m,f
daim,m,m
bise,m,f
film,m,m
soif,m,f
cour,f,f
cage,m,f
gail,m,f
diva,m,f
grog,m,m
tuba,m,m
volt,m,m
halo,m,m
sima,m,m
crin,m,m
aboi,m,m
capo,m,m
pieu,m,m
cape,m,f
chai,m,m
full,m,m
pont,m,m
paye,m,f
pouf,m,m
item,m,m
mage,m,m
bord,f,m
reps,m,m
nord,f,m
prix,m,m
file,m,f
flux,m,m
pipi,m,m
jute,m,m
reçu,m,m
plié,m,m
city,m,f
cube,f,m
bloc,m,m
ânon,m,m
jupe,f,f
girl,m,f
abri,m,m
vide,f,m
croc,m,m
doux,m,m
gage,m,m
toit,m,m
arum,m,m
khôl,m,m
haie,f,f
noix,m,f
tout,m,m
body,m,m
kilo,m,m
suif,m,m
jade,f,m
note,m,f
rage,m,f
quai,m,m
jerk,f,m
fief,m,m
saut,m,m
aine,m,f
toge,m,f
ciré,f,m
oeil,m,m
coin,m,m
clic,m,m
shit,m,m
site,f,m
kaki,m,m
race,f,f
oeuf,m,m
cari,m,m
mors,m,m
legs,m,m
fève,m,f
urée,f,f
saké,m,m
clou,m,m
maie,m,f
boom,m,m
bull,m,m
voie,f,f
rame,m,f
houx,m,m
lama,m,m
roue,f,f
firme,f,f
affre,f,f
passe,f,f
tabou,m,m
pelle,m,f
luron,m,m
moral,m,m
tabac,m,m
hobby,m,m
taupe,f,f
frein,m,m
appât,m,m
rejet,f,m
clone,f,m
index,m,m
nanan,m,m
lutte,m,f
sabre,m,m
envoi,m,m
grime,f,m
tonic,m,m
trust,m,m
fenil,m,m
piste,m,f
amigo,m,m
barre,f,f
renne,f,m
cador,m,m
meule,m,f
arche,m,f
cheik,m,m
longe,m,f
honte,f,f
licou,m,m
patin,m,m
tribu,m,f
hamac,m,m
mamie,m,f
bazar,m,m
opium,m,m
corne,f,f
pleur,f,m
arrêt,m,m
messe,m,f
rivet,f,m
arbre,f,m
nervi,m,m
vison,m,m
dingo,m,m
maque,f,f
tibia,m,m
angon,m,m
porno,m,m
bague,f,f
malle,m,f
natif,m,m
sinus,m,m
usine,f,f
crash,m,m
ferme,f,f
fesse,m,f
enjeu,m,m
sauna,m,m
mutin,m,m
tapée,f,f
flash,m,m
fagot,m,m
sprat,m,m
cagot,m,m
kyrie,m,m
bonde,f,f
groin,m,m
gamma,m,m
carme,f,m
spore,f,f
ouate,m,f
papet,m,m
lebel,m,m
union,m,f
delta,m,m
craps,m,m
texan,m,m
pogne,f,f
limbe,m,m
laque,f,f
timon,m,m
moire,f,f
album,m,m
jupon,m,m
lampe,m,f
blanc,m,m
clash,m,m
bugle,m,f
fouet,m,m
prote,m,m
pilon,m,m
serre,f,f
frigo,m,m
bible,m,f
jalon,m,m
gigue,m,f
saute,m,f
canal,m,m
wharf,m,m
combe,m,f
tapin,m,m
smala,m,f
hydre,f,f
pagne,f,m
samba,m,f
torse,m,m
gadin,m,m
année,f,f
objet,m,m
garni,m,m
tarte,m,f
grand,f,m
antre,m,m
sisal,m,m
latte,m,f
douma,m,f
panda,m,m
lagon,m,m
arôme,m,m
talus,m,m
nimbe,m,m
sushi,m,m
nacre,f,f
prion,m,m
ouche,m,f
tissu,m,m
juron,f,m
amble,m,m
tripe,f,f
tarin,m,m
ratée,m,f
pubis,m,m
morve,f,f
repas,m,m
plaid,f,m
oscar,m,m
titre,m,m
câpre,f,f
miché,m,m
rugby,m,m
oubli,m,m
ruban,m,m
vista,m,f
plume,f,f
djinn,m,m
fiche,m,f
nippe,f,f
atoll,m,m
sosie,f,m
spire,f,f
recul,m,m
claie,m,f
avoir,m,m
drink,m,m
rouet,f,m
isard,f,m
rendu,m,m
godet,f,m
burin,m,m
gelée,f,f
socle,f,m
tiret,f,m
ânier,f,m
frime,f,f
joyau,m,m
fêlée,m,f
aigri,f,m
rusée,f,f
vertu,m,f
minot,m,m
laird,f,m
liant,m,m
nanti,m,m
rifle,f,m
fusée,m,f
atour,f,m
surin,m,m
aneth,m,m
purée,f,f
paume,f,f
ronde,f,f
pence,f,m
plaie,f,f
twist,m,m
colle,m,f
trame,m,f
gypse,m,m
salle,m,f
group,m,m
fichu,m,m
ficus,m,m
squat,m,m
foire,f,f
coule,f,f
largo,m,m
stase,m,f
aigre,m,m
chiée,f,f
homme,f,m
prune,f,f
crève,f,f
volte,m,f
gamme,m,f
tenon,m,m
congé,m,m
boîte,m,f
bolet,m,m
appui,m,m
conne,f,f
actif,m,m
furet,f,m
ricin,m,m
conso,m,f
farsi,m,m
nuage,f,m
pitre,m,m
sueur,m,f
catin,m,f
scion,m,m
noyau,m,m
tison,m,m
ovule,m,m
amibe,m,f
râble,m,m
gland,f,m
bribe,m,f
hampe,f,f
ouest,m,m
muret,f,m
bigre,f,m
gnouf,m,m
saule,m,m
tract,m,m
petit,m,m
rabat,m,m
colis,m,m
gombo,m,m
flush,m,m
perco,m,m
super,f,m
japon,m,m
suint,m,m
pompe,f,f
nonce,f,m
azote,m,m
recel,m,m
terre,f,f
milan,m,m
berne,f,f
bravo,m,m
morse,f,m
galbe,m,m
angle,m,m
sport,m,m
aspic,m,m
banco,m,m
ahuri,m,m
blini,m,m
rhume,f,m
ambre,m,m
zèbre,f,m
moyen,m,m
galet,m,m
alène,m,f
duvet,m,m
pivot,m,m
joint,m,m
blase,m,m
liane,m,f
monde,f,m
bouse,m,f
cotre,f,m
liron,m,m
habit,m,m
lazzi,m,m
ergot,m,m
purge,f,f
coran,m,m
cours,m,m
vodka,m,f
ancre,f,f
pomme,f,f
aster,m,m
islam,m,m
patch,m,m
savon,m,m
corso,m,m
manga,m,m
snack,m,m
gradé,f,m
pavot,m,m
berme,f,f
avant,m,m
barbu,m,m
tueur,f,m
gaine,f,f
campo,m,m
lotta,m,f
rieur,f,m
tasse,f,f
train,m,m
farad,f,m
pulpe,f,f
garce,f,f
marin,m,m
archi,m,m
envol,m,m
bonus,m,m
fanal,m,m
scope,f,m
impro,f,f
venue,f,f
satin,m,m
aller,m,m
lupus,m,m
fleur,m,f
skiff,m,m
huppe,f,f
deuil,m,m
toise,m,f
guano,m,m
arcan,m,m
plouc,m,m
matos,m,m
derby,m,m
ondée,f,f
dîner,f,m
loupe,f,f
bêche,m,f
toque,f,f
repli,m,m
risée,f,f
sapin,m,m
fifre,m,m
baron,m,m
envie,m,f
bande,f,f
blair,m,m
flore,f,f
ajout,m,m
fille,m,f
diapo,m,f
clown,m,m
cyclo,m,m
jumbo,m,m
poing,m,m
kacha,m,f
cuvée,f,f
clodo,f,m
condé,f,m
prout,m,m
fayot,m,m
combi,m,m
gibet,f,m
drive,m,m
perce,f,f
tulle,m,m
thune,f,f
phone,f,m
fruit,m,m
jauge,m,f
satan,m,m
gitan,m,m
gonze,f,m
aviso,m,m
queue,f,f
stock,m,m
tracé,m,m
aleph,m,m
ranch,m,m
coque,f,f
bûche,m,f
trial,m,m
house,f,f
taule,f,f
giton,m,m
vagin,m,m
rupin,m,m
melon,m,m
tempe,f,f
vogue,f,f
bizut,m,m
zazou,m,m
nappe,f,f
dinar,m,m
baril,m,m
chien,f,m
bingo,m,m
loche,m,f
valve,m,f
glose,m,f
cidre,f,m
atlas,m,m
grole,f,f
douar,m,m
bonne,f,f
fente,m,f
karma,m,m
façon,m,f
diète,m,f
goumi,m,m
biche,m,f
proie,f,f
silex,m,m
whist,m,m
sauté,m,m
benne,m,f
pendu,m,m
ampli,m,m
gâche,m,f
chili,m,m
pâtre,m,m
phono,m,m
nabot,m,m
mirus,m,m
yucca,m,m
rebut,m,m
paros,m,m
glèbe,m,f
poupe,f,f
limbo,m,m
appel,m,m
usure,f,f
sacre,f,m
drone,f,m
astre,f,m
squaw,m,f
figue,m,f
fumet,m,m
rogne,f,f
doigt,m,m
futée,m,f
agape,m,f
frère,f,m
damas,m,m
berge,f,f
stout,m,m
tonte,m,f
valse,m,f
avoué,m,m
pause,f,f
chape,f,f
mardi,f,m
stand,f,m
horde,f,f
baile,m,m
bisou,m,m
arroi,f,m
birbe,m,m
guêpe,f,f
brume,f,f
acide,f,m
biais,m,m
lacet,m,m
alibi,m,m
enfer,f,m
philo,m,f
grâce,f,f
plein,m,m
orgue,f,m
hymen,m,m
foule,m,f
niais,m,m
ongle,m,m
culte,m,m
antan,m,m
benêt,m,m
route,f,f
sbire,f,m
fiole,m,f
femme,m,f
crane,f,m
gouge,m,f
sirop,m,m
tatou,m,m
lange,m,m
cadre,f,m
piton,m,m
parti,m,m
spoon,m,m
loden,f,m
truie,f,f
pongo,m,m
jouet,m,m
smash,m,m
harem,f,m
palpe,f,m
barda,m,m
icône,f,f
green,m,m
porto,m,m
salon,m,m
schupo,m,m
cheveu,m,m
mariée,f,f
nounou,m,f
piquet,m,m
giaour,m,m
garant,m,m
mitron,m,m
devant,m,m
dolmen,f,m
trajet,m,m
mygale,m,f
chaise,f,f
bunker,f,m
hindou,m,m
navire,f,m
encens,m,m
badine,f,f
niaise,m,f
spring,m,m
design,m,m
conque,f,f
carmel,m,m
noceur,f,m
soutif,m,m
nichée,f,f
roulis,m,m
hongre,f,m
clique,m,f
charte,f,f
casuel,m,m
pierre,f,f
porche,f,m
chiffe,f,f
raider,f,m
azimut,m,m
cornet,f,m
cuisse,f,f
barbet,m,m
treuil,m,m
pionne,f,f
galère,m,f
durian,m,m
nibard,f,m
squale,f,m
agenda,m,m
pylône,m,m
bâtard,f,m
pavane,m,f
dehors,m,m
livrée,f,f
avanie,m,f
galeux,m,m
tribut,m,m
misère,m,f
besoin,m,m
adagio,m,m
cimier,f,m
pelure,f,f
reflux,m,m
rafale,m,f
cierge,f,m
tulipe,f,f
cagibi,m,m
mental,m,m
lagune,f,f
drille,m,m
shimmy,m,m
appart,m,m
lascar,m,m
manuel,m,m
verlan,m,m
hetman,m,m
spleen,m,m
cercle,f,m
maraud,f,m
satyre,m,m
parure,f,f
living,m,m
lardon,f,m
acajou,m,m
pernod,f,m
gourou,m,m
jumeau,m,m
craque,f,f
carmin,m,m
chaume,f,m
acabit,m,m
tendon,m,m
casque,f,m
rideau,m,m
ocelot,m,m
mikado,f,m
chiard,f,m
cintre,m,m
drisse,m,f
cordon,f,m
kummel,m,m
râteau,m,m
tender,f,m
turbin,m,m
populo,m,m
carême,f,m
galène,m,f
comble,m,m
gosier,f,m
poudre,f,f
cavale,m,f
crible,m,m
gavage,m,m
payeur,f,m
goutte,f,f
annexe,m,f
cireur,f,m
compas,m,m
paumée,f,f
poison,m,m
boulon,m,m
turbot,m,m
larbin,m,m
puzzle,m,m
chouan,m,m
spasme,m,m
sarrau,m,m
acacia,m,m
pareil,m,m
barbon,m,m
setter,f,m
guinée,f,f
cactée,m,f
cécité,m,f
tergal,m,m
raglan,m,m
gueuse,f,f
sillon,m,m
latino,m,m
ourson,m,m
triple,f,m
galant,m,m
guilde,f,f
samedi,m,m
gourbi,m,m
guiche,m,f
cherté,m,f
tympan,m,m
christ,m,m
miroir,f,m
banane,m,f
taraud,f,m
amarre,f,f
strate,m,f
injure,f,f
ermite,m,m
magnum,m,m
napalm,m,m
indien,f,m
beurre,f,m
humour,m,m
meneau,m,m
guigne,f,f
digest,m,m
gabare,f,f
picaro,m,m
animal,m,m
casier,m,m
acquêt,m,m
glaise,m,f
senior,m,m
rallye,m,m
dondon,f,f
piston,m,m
condor,m,m
gardon,f,m
raclée,f,f
chleuh,m,m
jaguar,f,m
entier,m,m
bipède,f,m
ourdou,m,m
malard,f,m
heaume,f,m
plombe,m,f
taleth,m,m
action,m,f
confit,m,m
pagode,f,f
double,m,m
glisse,m,f
tortue,f,f
statut,m,m
démone,f,f
madras,m,m
pliant,m,m
nation,m,f
brisée,m,f
trench,m,m
tripot,m,m
palais,m,m
figure,f,f
alevin,m,m
cheval,m,m
causse,f,m
gâteau,m,m
danger,m,m
alcool,m,m
drague,f,f
baffle,m,m
levure,f,f
tesson,m,m
comics,m,m
strass,m,m
camail,m,m
empire,m,m
ravage,m,m
halage,m,m
cafard,f,m
viager,m,m
fusion,m,f
remise,f,f
trique,f,f
boubou,m,m
savane,m,f
zigzag,m,m
vernis,m,m
oiseau,m,m
pensum,m,m
appelé,m,m
tarzan,m,m
chintz,m,m
stress,m,m
record,f,m
baraka,m,f
aparté,m,m
blason,m,m
yourte,f,f
traite,m,f
cuveau,m,m
prêche,f,m
typhus,m,m
voyeur,m,m
huipil,m,m
santal,m,m
tiroir,f,m
potier,f,m
goulée,f,f
taenia,m,m
taudis,m,m
devoir,m,m
temple,m,m
alcôve,m,f
apôtre,m,m
garçon,m,m
mixeur,m,m
poivre,f,m
hameau,m,m
compte,f,m
abatis,m,m
liseur,m,m
usager,m,m
volcan,m,m
safari,m,m
yaourt,m,m
montre,m,f
calmar,m,m
skieur,m,m
larsen,m,m
baveur,f,m
châlit,m,m
beeper,f,m
gabier,f,m
aviron,m,m
maboul,m,m
bedeau,m,m
porcif,m,f
tourne,f,f
maille,m,f
pacsif,m,m
cortex,m,m
marbre,f,m
frimas,m,m
boueux,m,m
caviar,m,m
centre,f,m
rasoir,m,m
voyant,m,m
talbin,m,m
broche,f,f
vacuum,m,m
airain,m,m
doublé,m,m
levage,f,m
tartan,m,m
saloir,m,m
rivage,m,m
sermon,m,m
bourde,f,f
garage,m,m
recoin,m,m
fiston,m,m
entrée,f,f
voirie,f,f
ennemi,m,m
prisme,f,m
tannée,f,f
pantin,m,m
larynx,m,m
lambda,m,m
semoir,m,m
varech,m,m
marine,f,f
cyprès,m,m
passif,m,m
biceps,m,m
corton,m,m
embout,m,m
famine,m,f
parole,m,f
alcade,f,m
luette,f,f
nageur,f,m
milieu,m,m
canton,m,m
course,f,f
gousse,m,f
sortie,f,f
carène,m,f
druide,f,m
truite,f,f
ravine,m,f
lionne,f,f
carton,m,m
gibier,m,m
cadran,m,m
steppe,f,f
requin,m,m
teinte,m,f
bidule,m,m
nougat,m,m
coutil,m,m
amadou,m,m
chasse,f,f
berthe,m,f
marche,f,f
feutre,f,m
rouget,f,m
gendre,f,m
chapon,m,m
cabane,m,f
pampre,f,m
suroît,m,m
mister,m,m
fureur,f,f
gonfle,m,f
venant,m,m
majeur,m,m
hermès,m,m
ersatz,m,m
bastos,m,f
chibre,f,m
chieur,m,m
diable,m,m
pissat,m,m
chenal,m,m
bavure,f,f
cricri,f,m
brûlis,m,m
fripon,m,m
lierre,f,m
crotte,m,f
humain,m,m
pin-up,m,f
repose,f,f
ration,m,f
retour,f,m
goulet,m,m
vierge,m,f
gâteux,m,m
fumeur,m,m
rimmel,m,m
arceau,m,m
torche,m,f
arcane,f,m
rameur,f,m
magnat,m,m
cloque,f,f
indigo,m,m
brebis,m,f
chemin,m,m
klaxon,m,m
bulbul,m,m
salami,m,m
ponton,m,m
loutre,f,f
goulot,m,m
trotte,m,f
blette,m,f
barque,f,f
carcan,m,m
armada,m,f
levain,m,m
limage,m,m
pipeau,m,m
frange,m,f
viveur,f,m
ricain,m,m
narine,f,f
entour,m,m
billot,m,m
ânesse,m,f
glacis,m,m
pulque,f,m
vioque,m,f
rognon,m,m
miteux,m,m
claire,f,f
gourde,f,f
latine,m,f
rocher,f,m
pathos,m,m
flegme,m,m
mormon,m,m
couche,f,f
signal,m,m
girafe,m,f
bikini,m,m
format,m,m
soupir,m,m
orbite,m,f
astuce,f,f
cubain,m,m
hargne,f,f
couple,f,m
centon,m,m
typhon,m,m
cornac,m,m
vahiné,m,f
calice,m,m
pudeur,m,f
avoine,f,f
huître,f,f
nickel,m,m
baille,m,f
turban,m,m
pagaie,m,f
jargon,f,m
fiente,m,f
rebond,f,m
trafic,m,m
lavabo,m,m
poncho,m,m
piqûre,m,f
shaker,f,m
butane,f,m
quinte,f,f
pliure,f,f
parvis,m,m
liasse,m,f
junkie,f,m
muscle,f,m
dextre,m,f
poisse,f,f
âpreté,m,f
vergne,f,m
griffe,f,f
spider,f,m
tirage,m,m
mateur,m,m
encart,m,m
veneur,m,m
assaut,m,m
caveau,m,m
plaque,f,f
calque,f,m
crypte,m,f
granit,m,m
évadée,f,f
stupre,f,m
lymphe,m,f
chevet,f,m
mineur,m,m
bâbord,f,m
falzar,m,m
hacker,f,m
chahut,m,m
pureté,m,f
poupée,f,f
engagé,m,m
seigle,f,m
cadène,m,f
gangue,f,f
piazza,m,f
crèche,f,f
crampe,f,f
triade,f,f
toutim,m,m
buvard,f,m
litige,m,m
putsch,m,m
bavard,f,m
cirque,f,m
climat,m,m
hasard,f,m
djihad,m,m
nivôse,m,m
cabane,m,f
maître,m,m
pourri,f,m
signor,m,m
forçat,m,m
ratage,m,m
corner,f,m
racket,m,m
pigeon,m,m
agrume,f,m
berlue,f,f
salaud,f,m
caïque,f,m
ranche,m,f
tumeur,m,f
mangue,f,f
pliage,m,m
emploi,m,m
pilule,m,f
remake,f,m
rebord,f,m
nudité,m,f
salope,m,f
clause,f,f
meuble,m,m
satire,m,f
asthme,m,m
videur,m,m
farine,m,f
danois,m,m
fourbi,m,m
cancre,f,m
pompon,m,m
suaire,f,m
congre,f,m
frette,m,f
cubage,f,m
zinzin,m,m
pissou,m,m
canari,m,m
morale,m,f
cyprin,m,m
nympho,m,f
angine,m,f
capote,m,f
gaucho,m,m
guenon,m,f
grenat,m,m
formol,m,m
cutter,f,m
chèche,f,m
ratine,m,f
balise,m,f
cahier,f,m
zouave,m,m
semeur,m,m
radeau,m,m
commis,m,m
factum,m,m
bouffe,m,f
rapiat,m,m
mantra,m,m
cavité,m,f
radium,m,m
breton,m,m
infant,m,m
dahlia,m,m
convoi,m,m
ormeau,m,m
coupon,m,m
flèche,m,f
bisque,m,f
tapage,m,m
ruelle,m,f
puffin,m,m
millet,m,m
mickey,m,m
cahute,f,f
curare,f,m
diseur,m,m
savate,m,f
igname,m,f
blinde,f,f
tiercé,m,m
faraud,f,m
direct,m,m
galope,m,f
prurit,m,m
razzia,m,f
boucan,m,m
mongol,m,m
ciseau,m,m
milord,f,m
studio,m,m
viaduc,m,m
luxure,f,f
sangle,m,f
bifton,m,m
pelote,m,f
ramure,f,f
raseur,m,m
clandé,f,m
giclée,f,f
poutou,m,m
trieur,m,m
madame,m,f
loulou,m,m
cirage,f,m
impair,m,m
plissé,m,m
brelan,m,m
finish,m,m
entité,m,f
domino,m,m
butoir,m,m
diacre,f,m
papaye,f,f
rumeur,m,f
rituel,m,m
perlot,m,m
dealer,f,m
hublot,m,m
miasme,m,m
psaume,f,m
flotte,m,f
madère,m,m
buffle,m,m
cigare,f,m
nigaud,f,m
flemme,m,f
tribun,m,m
fiasco,m,m
relief,m,m
rapine,f,f
brûlée,m,f
cadeau,m,m
patois,m,m
visite,m,f
arpion,m,m
niçois,m,m
banian,m,m
boutre,f,m
sortir,m,m
viseur,m,m
chance,f,f
paquet,m,m
soûlot,m,m
souper,f,m
naïade,m,f
chaton,m,m
palmer,m,m
sylvie,m,f
consul,m,m
sultan,m,m
bureau,m,m
fenton,m,m
bailli,m,m
varice,f,f
recrue,f,f
lignée,m,f
finaud,f,m
soudeur,m,m
virgule,f,f
ouragan,m,m
formica,m,m
pigment,m,m
dabuche,m,f
bûcheur,f,m
accueil,m,m
hachoir,m,m
balafre,f,f
rosaire,f,m
rudesse,f,f
biscuit,m,m
ventrée,f,f
rivière,m,f
millier,m,m
ressaut,m,m
monteur,m,m
falbala,m,m
globule,f,m
emblème,m,m
liberté,m,f
arabica,m,m
brûlure,f,f
mercure,f,m
vengeur,m,m
pfennig,m,m
pinceau,m,m
cordeau,m,m
cinzano,m,m
fâcheux,m,m
brimade,f,f
engrais,m,m
tenture,f,f
brisure,f,f
tam-tam,m,m
serveur,m,m
baladin,m,m
menotte,m,f
post-it,m,m
dancing,m,m
inverti,m,m
kung-fu,m,m
rentier,f,m
toiture,f,f
altesse,m,f
horloge,f,f
glouton,m,m
bruyère,f,f
fripier,f,m
guinche,m,m
guichet,m,m
hercule,f,m
fichier,m,m
bordure,f,f
emprise,m,f
rouerie,f,f
geôlier,m,m
sarcome,f,m
vampire,f,m
vitrail,m,m
lingère,m,f
rouleur,m,m
patente,m,f
glucide,f,m
marotte,m,f
appoint,m,m
laponne,f,f
capsule,m,f
arbuste,m,m
merdier,f,m
taillis,m,m
paletot,m,m
lumbago,m,m
braille,m,m
foulard,f,m
ouvrant,m,m
serpent,m,m
dessert,m,m
lucarne,f,f
coupeur,f,m
invitée,m,f
ferment,m,m
tisseur,m,m
pignouf,m,m
emphase,f,f
graveur,f,m
plagiat,m,m
matuche,f,m
salaire,m,m
ralenti,m,m
douelle,m,f
grutier,f,m
coutume,f,f
bacille,m,m
sucette,m,f
taulard,f,m
cuistot,m,m
ablette,m,f
lisière,m,f
refrain,m,m
cadrage,f,m
analyse,m,f
guibole,m,f
facteur,m,m
hautain,m,m
couteau,m,m
bidoche,m,f
jacquet,f,m
faiseur,m,m
hold-up,m,m
conneau,m,m
mirador,m,m
autisme,m,m
succube,m,m
accusée,f,f
capteur,m,m
brochet,m,m
latrine,f,f
sponsor,m,m
girolle,f,f
bricole,f,f
satrape,m,m
fiction,m,f
linceul,m,m
tricard,f,m
nullard,f,m
passant,m,m
secours,m,m
amuseur,m,m
pulsion,m,f
bowling,f,m
vassale,m,f
fenêtre,f,f
chapeau,m,m
constat,m,m
mamelle,m,f
musique,m,f
lancier,m,m
bouquin,m,m
baryton,m,m
surface,f,f
diabète,m,m
charbon,m,m
gambade,f,f
sifflet,m,m
suspens,m,m
glacier,f,m
flâneur,m,m
zizanie,m,f
bardeau,m,m
parjure,f,m
manteau,m,m
marieur,f,m
poupard,f,m
dallage,m,m
tombeur,m,m
gencive,f,f
compote,f,f
lunette,f,f
olifant,m,m
cafetan,m,m
venelle,m,f
cambuse,f,f
matheux,m,m
macramé,m,m
luthier,f,m
jumelle,m,f
amanite,m,f
lignage,m,m
capital,m,m
punaise,m,f
uranium,m,m
moineau,m,m
symbole,m,m
normale,m,f
godille,f,f
gravier,f,m
cynisme,m,m
gardeur,m,m
bidasse,m,m
giberne,f,f
fourgue,f,m
pisseur,m,m
dilemme,m,m
devenir,m,m
frisbee,m,m
chaleur,m,f
pompier,f,m
coupure,f,f
barreau,m,m
quatuor,m,m
chibouk,m,m
tireuse,f,f
bascule,f,f
camping,m,m
lignite,m,m
sangria,m,f
panache,m,m
baraque,f,f
cureton,m,m
courage,f,m
vicomte,f,m
foreuse,f,f
limande,f,f
bousier,m,m
skipper,f,m
entrave,f,f
picador,m,m
siamois,m,m
censeur,m,m
marshal,m,m
journal,m,m
canasta,m,f
tableau,m,m
striure,f,f
nazisme,m,m
aquavit,m,m
aryenne,f,f
plumard,f,m
gymnase,m,m
enclume,f,f
congrès,m,m
rongeur,f,m
minceur,m,f
confort,m,m
graphie,f,f
bagnole,m,f
vaurien,f,m
onction,m,f
tendron,m,m
carreau,m,m
imagier,m,m
syllabe,m,f
banyuls,m,m
compact,m,m
arraché,m,m
bigleux,m,m
saillie,m,f
lyrisme,f,m
murette,f,f
idiotie,f,f
hulotte,f,f
bossoir,m,m
inertie,f,f
sillage,m,m
fermier,f,m
chiffon,m,m
servage,f,m
cyanure,f,m
travelo,m,m
hermine,f,f
beurrée,f,f
matinée,m,f
moirure,f,f
briquet,m,m
sergent,m,m
sorcier,f,m
balaise,m,m
marigot,m,m
tondeur,m,m
entrain,m,m
vitesse,m,f
attaque,f,f
bustier,m,m
shabbat,m,m
crooner,f,m
diadème,m,m
recueil,m,m
fermeté,m,f
raclure,f,f
inanité,m,f
camelot,m,m
parlant,m,m
rondeur,m,f
frichti,m,m
flingue,m,m
couleur,m,f
machine,f,f
sentier,f,m
miracle,m,m
paveton,m,m
caniche,m,m
tutorat,m,m
arsenal,m,m
causeur,m,m
placeur,m,m
cuiller,m,f
dommage,m,m
valseur,m,m
poireau,m,m
tremble,f,m
tunique,m,f
iranien,m,m
turbine,f,f
porteur,m,m
anxieux,m,m
malabar,m,m
faction,m,f
enclave,m,f
bristol,m,m
chopper,f,m
stentor,m,m
morsure,f,f
merdeux,m,m
inscrit,m,m
chausse,f,f
pouilly,m,m
poussée,f,f
flamand,f,m
beignet,m,m
mormone,f,f
portail,m,m
concept,m,m
informé,m,m
haubert,m,m
rapport,m,m
dattier,m,m
alambic,m,m
jonchet,m,m
boisson,m,f
poulain,m,m
parking,m,m
poulbot,m,m
clarine,f,f
jacques,m,m
coussin,m,m
utilité,m,f
suspect,m,m
malaria,m,f
cornard,f,m
affreux,m,m
trappon,m,m
exploit,m,m
revente,f,f
concile,m,m
houille,f,f
ombrage,m,m
sulfure,f,m
tamaris,m,m
clavier,m,m
centile,m,m
minerve,f,f
saxhorn,m,m
poivrot,m,m
dialyse,m,f
gravure,f,f
pendule,f,m
griffon,m,m
mouroir,f,m
surfeur,m,m
repaire,f,m
vanille,m,f
tangage,m,m
patient,m,m
droguet,m,m
loustic,m,m
chanson,m,f
pluriel,m,m
germain,m,m
sangsue,m,f
atelier,m,m
moulage,m,m
bagarre,f,f
voyance,m,f
disparu,m,m
cardeur,m,m
stretch,m,m
orgelet,m,m
fumière,m,f
luciole,m,f
adverbe,f,m
flippée,f,f
vertige,f,m
finesse,m,f
canevas,m,m
planche,m,f
grappin,m,m
passage,m,m
saunier,m,m
cordier,f,m
fronton,m,m
bravade,f,f
ventôse,m,m
sarment,m,m
refonte,m,f
cascade,f,f
nageuse,m,f
laxisme,m,m
tralala,m,m
houblon,m,m
arsenic,m,m
bouleau,m,m
lumière,m,f
tombeau,m,m
droguée,f,f
momerie,f,f
fauteur,m,m
disette,m,f
hip-hop,m,m
pugilat,m,m
sucrier,f,m
velouté,m,m
matelot,m,m
tinette,m,f
casaque,f,f
civière,m,f
marmite,m,f
dernier,f,m
semaine,f,f
ruffian,m,m
imposte,m,f
morceau,m,m
demande,f,f
caillou,m,m
strudel,m,m
village,m,m
vendeur,m,m
rinceau,m,m
inquiet,f,m
bonsoir,m,m
sabreur,m,m
galante,m,f
tronçon,m,m
galetas,m,m
copieur,m,m
chicano,m,m
gruyère,f,m
roteuse,f,f
raccord,f,m
tanière,m,f
remugle,f,m
chambre,f,f
sextant,m,m
alcazar,m,m
vicieux,m,m
crapaud,f,m
commode,f,f
proprio,m,m
atlante,m,m
segment,m,m
mouflon,m,m
benjoin,m,m
jonchée,f,f
tablier,f,m
granulé,m,m
haillon,m,m
reposée,f,f
redoute,f,f
manette,m,f
aileron,m,m
adoptée,f,f
biberon,m,m
cagette,m,f
cautère,m,m
chaouch,m,m
losange,m,m
verdict,m,m
aboyeur,m,m
pitaine,m,m
cordial,m,m
manchon,m,m
jackpot,m,m
matrice,f,f
maltais,m,m
caillot,m,m
contact,m,m
science,f,f
brugnon,m,m
nervure,f,f
sagouin,m,m
bignole,m,f
cagoule,m,f
sulfate,m,m
fourche,f,f
bengali,m,m
babouin,m,m
missive,m,f
service,f,m
enragée,f,f
sanglot,m,m
capiton,m,m
chagrin,m,m
mandore,f,f
cockpit,m,m
ouvrage,f,m
boutoir,m,m
députée,f,f
attelle,m,f
fitness,m,m
initiée,m,f
moulure,f,f
gabarit,m,m
calibre,m,m
avançon,m,m
bouddha,m,m
insecte,m,m
frisure,m,f
bougnat,m,m
versant,m,m
louange,m,f
baccara,m,m
baratin,m,m
murmure,f,m
parrain,m,m
hallali,m,m
ratiche,m,f
laverie,f,f
brûlage,m,m
hidalgo,m,m
nouveau,m,m
flicard,f,m
maillet,m,m
édentée,f,f
gineste,m,m
cassage,m,m
faculté,m,f
consort,m,m
univers,m,m
faconde,f,f
frousse,m,f
fantôme,m,m
maximum,m,m
peureux,m,m
grondin,f,m
encrier,f,m
jet-set,m,m
duperie,f,f
couffin,m,m
valoche,m,f
essence,m,f
pochard,f,m
marsala,m,m
burnous,m,m
juillet,m,m
vigueur,f,f
poussin,m,m
langage,m,m
envieux,m,m
crevure,f,f
andalou,m,m
bandage,m,m
vicaire,f,m
arnaque,f,f
sampang,m,m
herbage,f,m
incurie,f,f
orgasme,m,m
ficelle,m,f
denture,f,f
château,m,m
gardien,f,m
cubitus,m,m
capture,f,f
acanthe,m,f
formant,m,m
fugitif,m,m
filoche,m,f
avorton,m,m
hussard,f,m
propane,f,m
farceur,f,m
glaçage,m,m
fiancée,m,f
steamer,m,m
casseur,m,m
relique,m,f
cliente,m,f
minerai,m,m
aqueduc,m,m
pistard,f,m
suavité,m,f
foirail,m,m
spatule,f,f
chabrot,m,m
fournil,m,m
rayonne,f,f
contour,m,m
mandale,f,f
capitan,m,m
sourcil,m,m
torsion,m,f
poirier,f,m
cubisme,m,m
retenue,f,f
gugusse,m,m
recette,f,f
fermoir,m,m
bazooka,m,m
ramadan,m,m
urgence,f,f
boulier,f,m
fixette,m,f
gri-gri,f,m
iceberg,f,m
asocial,m,m
coulage,m,m
oiselet,m,m
tractus,m,m
vacarme,f,m
gamelle,m,f
dribble,m,m
excitée,m,f
organdi,m,m
brandon,m,m
radical,m,m
tournis,m,m
bouquet,m,m
justice,f,f
septime,f,f
yatagan,m,m
pipette,m,f
lamento,m,m
fadette,m,f
ratafia,m,m
babiole,m,f
crapule,f,f
hurleur,m,m
remblai,m,m
albâtre,f,m
catalan,m,m
charrue,f,f
velours,m,m
matonne,f,f
plateau,m,m
phtisie,m,f
collier,f,m
couloir,m,m
montage,m,m
trinité,m,f
majeure,f,f
pastaga,m,m
muflier,f,m
bouchon,m,m
chilien,f,m
frisson,m,m
booster,f,m
cabinet,m,m
suceuse,f,f
candeur,m,f
pustule,f,f
corsage,m,m
grabuge,f,m
mandala,m,m
aliment,m,m
vinasse,m,f
riposte,f,f
fanzine,m,m
culture,f,f
gerbier,f,m
algèbre,m,f
nerveux,m,m
carafon,m,m
baronne,f,f
pirogue,f,f
manière,m,f
coloris,m,m
servant,m,m
patelin,m,m
taliban,m,m
maraude,f,f
crevard,f,m
censure,f,f
matador,m,m
circuit,m,m
bastion,m,m
binette,m,f
calotte,m,f
pompeur,m,m
trident,m,m
perceur,f,m
peluche,m,f
luronne,f,f
cabanon,m,m
coupole,f,f
renouée,f,f
nombril,m,m
silence,f,m
voilier,f,m
chiotte,f,f
manitou,m,m
enfance,m,f
vigogne,m,f
parigot,m,m
soudure,f,f
samovar,m,m
lavette,m,f
émigrée,f,f
pisteur,m,m
camphre,f,m
tanneur,m,m
quintal,m,m
tumulte,m,m
inceste,m,m
herbier,f,m
fascine,m,f
succion,m,f
viguier,f,m
gourdin,f,m
maladie,f,f
swahili,m,m
gargote,m,f
baballe,m,f
galoche,m,f
tartane,f,f
anglais,m,m
mitaine,m,f
semence,f,f
retable,f,m
avaleur,m,m
recours,m,m
orgueil,m,m
licteur,m,m
premier,f,m
chicane,f,f
carabin,m,m
crampon,m,m
hommage,m,m
vouivre,f,f
sourate,f,f
trapèze,m,m
hébétée,f,f
ivresse,m,f
outrage,m,m
portage,f,m
panière,m,f
meneuse,m,f
zizique,m,f
diplôme,m,m
clampin,m,m
fanfare,m,f
spectre,f,m
meeting,m,m
maçonne,f,f
goudron,m,m
hot-dog,m,m
parenté,m,f
manieur,m,m
porcher,f,m
pillage,m,m
battage,m,m
bibiche,m,f
secrète,m,f
soudard,f,m
travers,m,m
harnais,m,m
curaçao,m,m
lanceur,m,m
lorgnon,m,m
primate,f,m
athanor,m,m
mangeur,f,m
buveuse,f,f
civelle,m,f
poignet,m,m
terreau,m,m
masseur,m,m
ouvroir,f,m
laïcité,m,f
cathode,f,f
tonnage,m,m
ferveur,m,f
tirette,f,f
brigand,f,m
missile,m,m
furieux,m,m
visière,m,f
limaçon,m,m
strasse,m,f
charter,f,m
timbale,m,f
fuchsia,m,m
scorbut,m,m
puisard,f,m
routine,f,f
frangin,m,m
victime,f,f
scrutin,m,m
arbouse,m,f
greffon,m,m
lactose,m,m
capucin,m,m
carnage,m,m
magasin,m,m
tissage,m,m
console,m,f
houseau,m,m
scanner,m,m
chinook,m,m
broyeur,m,m
forfait,m,m
produit,m,m
remonte,f,f
synapse,m,f
annonce,f,f
balance,m,f
flexion,m,f
absence,m,f
mouflet,m,m
barbier,m,m
tilbury,m,m
vibrion,m,m
marxisme,f,m
cavalier,m,m
chagatte,m,f
tahitien,f,m
douillon,m,m
masseuse,f,f
lépreuse,f,f
massacre,f,m
rhubarbe,m,f
faillite,m,f
astrakan,m,m
fermette,f,f
glouglou,m,m
pelotage,m,m
policier,f,m
drôlesse,m,f
aspirine,f,f
massicot,m,m
carrosse,m,m
gaufrier,f,m
giration,m,f
marennes,m,f
logement,m,m
uniforme,f,m
plombage,m,m
kilowatt,m,m
arthrose,f,f
cardinal,m,m
bassesse,m,f
engelure,f,f
cachette,m,f
calbombe,m,f
cochonne,f,f
peinture,f,f
verrière,m,f
zibeline,m,f
brushing,m,m
rougeole,f,f
pissette,m,f
crinière,m,f
colombin,m,m
veinarde,f,f
arrivage,f,m
carrelet,f,m
protégée,f,f
piercing,f,m
embrasse,m,f
chenapan,m,m
ablation,m,f
big-bang,m,m
baseball,m,m
brillant,m,m
obstinée,m,f
bull-dog,m,m
cavaleur,m,m
coutelas,m,m
vindicte,f,f
changeur,m,m
humidité,m,f
tournant,m,m
doublage,m,m
préposée,f,f
enculade,f,f
pouliche,m,f
acheteur,m,m
ignorant,m,m
panthère,m,f
baguette,m,f
communal,m,m
caravane,m,f
poucette,f,f
histrion,m,m
tracteur,m,m
placette,m,f
emportée,f,f
huissier,m,m
agacerie,f,f
ventouse,f,f
caniveau,m,m
masculin,m,m
virement,m,m
croulant,m,m
jointure,f,f
unetelle,f,m
rousseur,m,f
générale,f,f
composée,f,f
confrère,m,m
ambiance,m,f
mendiant,m,m
pointeur,m,m
banquier,f,m
immeuble,m,m
patapouf,m,m
vertèbre,f,f
cotillon,m,m
revoyure,f,f
biscotte,m,f
zakouski,m,m
williams,m,f
carnaval,m,m
douzaine,f,f
houlette,f,f
croyance,f,f
bougeoir,m,m
boussole,m,f
dynastie,m,f
couronne,f,f
lustrine,f,f
maldonne,f,f
singerie,f,f
syndrome,f,m
tannerie,f,f
saoudien,f,m
pimbêche,m,f
mousseux,m,m
rigidité,m,f
enjambée,m,f
hachette,f,f
finition,m,f
vantarde,f,f
pic-vert,m,m
luisance,m,f
friponne,f,f
antipode,f,m
hongrois,m,m
heurtoir,m,m
membrure,f,f
tourment,f,m
outremer,f,m
gazogène,m,m
perquise,f,f
fascisme,m,m
lingette,f,f
cirrhose,f,f
armurier,f,m
verrerie,f,f
lucidité,m,f
empathie,m,f
piquette,m,f
limousin,m,m
inaction,m,f
mansarde,f,f
instinct,m,m
archange,m,m
chocolat,m,m
plancher,m,m
racontar,m,m
football,m,m
bouclier,f,m
quenotte,m,f
bayadère,m,f
criminel,m,m
futaille,m,f
patronat,m,m
aspirant,m,m
sagacité,m,f
diamètre,m,m
schproum,m,m
salariée,f,f
bombarde,f,f
chouette,f,f
vanadium,m,m
bas-fond,f,m
tricorne,f,m
fibrille,m,f
attribut,m,m
courrier,f,m
gangster,m,m
papelard,f,m
cannelle,m,f
noisette,m,f
tape-cul,m,m
scorpion,m,m
bernique,m,f
saligaud,f,m
bulletin,m,m
couperet,f,m
accalmie,m,f
immortel,m,m
morphine,f,f
envoyeur,m,m
estacade,f,f
non-lieu,m,m
folklore,f,m
bretonne,f,f
manguier,f,m
figurant,m,m
conjurée,f,f
surhomme,f,m
gendarme,f,m
tondeuse,m,f
sainteté,m,f
railleur,m,m
mandarin,m,m
supplice,f,m
histoire,f,f
antigène,m,m
rapacité,m,f
batterie,f,f
parpaing,m,m
coudrier,f,m
tatoueur,m,m
appareil,m,m
coucheur,m,m
arthrite,f,f
pourquoi,f,m
artifice,m,m
hospodar,m,m
cassette,f,f
pigeonne,f,f
tourelle,m,f
tortilla,m,f
quetsche,m,f
amarrage,f,m
accident,m,m
truqueur,m,m
standing,m,m
larfeuil,m,m
symptôme,m,m
triomphe,f,m
bosseuse,m,f
allusion,m,f
pentacle,m,m
sarcelle,m,f
négrière,f,f
impulsif,m,m
ammoniac,m,m
traction,m,f
plantier,m,m
malfaçon,m,f
paillard,f,m
alsacien,m,m
meilleur,m,m
sunlight,m,m
porcelet,f,m
dualisme,m,m
cuirassé,m,m
omission,m,f
pingouin,m,m
maquette,f,f
possédée,f,f
balustre,f,m
tournure,f,f
week-end,f,m
pancrace,f,m
paradoxe,f,m
jugement,m,m
savoyard,f,m
barcasse,m,f
classeur,m,m
insuline,m,f
pavillon,m,m
receleur,m,m
fraiseur,m,m
filtrage,m,m
privauté,m,f
quarante,m,m
gisement,m,m
trottoir,m,m
palefroi,m,m
palikare,f,m
abattant,m,m
myrtille,m,f
non-être,f,m
prudence,f,f
dépravée,f,f
escarpin,m,m
polaroid,m,m
silicose,f,f
libanais,m,m
enfançon,m,m
refoulée,f,f
cylindre,f,m
clinique,m,f
inculpée,f,f
silicone,f,f
saboteur,m,m
benjamin,m,m
registre,f,m
machisme,f,m
attentat,m,m
boutefeu,m,m
noirceur,f,f
huguenot,m,m
parisien,m,m
jalousie,m,f
bouillon,m,m
patineur,m,m
attirail,m,m
huitaine,m,f
mal-être,f,m
pioupiou,m,m
excitant,m,m
laminoir,m,m
branleur,m,m
byzantin,m,m
fantasia,m,f
computer,f,m
mistonne,f,f
quinquet,m,m
voyageur,f,m
khâgneux,m,m
daiquiri,m,m
civilisé,m,m
start-up,m,f
rechange,m,m
fantasme,m,m
blondeur,m,f
bas-bleu,m,m
mariachi,m,m
milicien,m,m
teinture,f,f
loucheur,m,m
crincrin,f,m
frottage,m,m
calvitie,m,f
penderie,f,f
habilité,m,f
demi-ton,m,m
tangente,m,f
artisane,m,f
sanguine,m,f
ratichon,m,m
espionne,f,f
crucifix,m,m
comprimé,m,m
soiffard,f,m
boursier,m,m
mercière,m,f
genièvre,m,m
insurgée,f,f
diskette,m,f
parabole,m,f
sentence,f,f
tubulure,f,f
pantalon,m,m
comptoir,m,m
manquant,m,m
mourante,m,f
cafetier,m,m
martinet,m,m
bracelet,m,m
couvreur,f,m
brocheur,m,m
glacière,m,f
clarisse,m,f
shetland,f,m
alhambra,m,f
thriller,f,m
chasseur,m,m
friction,m,f
passoire,f,f
cantique,m,m
dragonne,f,f
opticien,m,m
songerie,f,f
migraine,m,f
bruitage,f,m
entraide,f,f
engeance,f,f
emplette,m,f
shopping,m,m
maharani,m,f
goitreux,m,m
aversion,m,f
affluent,m,m
perlouse,f,f
carcasse,m,f
bombance,m,f
springer,m,m
chanteur,m,m
lividité,m,f
charogne,f,f
chasuble,f,f
tsarisme,f,m
barillet,m,m
barbecue,f,m
lit-cage,m,m
bretteur,m,m
bateleur,m,m
bouffeur,m,m
conclave,m,m
activité,m,f
chapelet,f,m
intitulé,m,m
adjudant,m,m
pied-bot,m,m
guenille,m,f
converse,m,f
accroche,f,f
jambière,m,f
diplômée,f,f
sucrerie,f,f
alacrité,m,f
chapitre,f,m
nord-est,m,m
gratteur,m,m
opprimée,f,f
enfilade,f,f
palmarès,m,m
carillon,m,m
feldgrau,m,m
saladier,f,m
fabrique,m,f
synthèse,m,f
graffiti,m,m
chevesne,m,m
résignée,f,f
napperon,m,m
margelle,m,f
ruisseau,m,m
dynamite,m,f
trompeur,m,m
thalasso,m,f
poubelle,m,f
bronzage,m,m
targette,f,f
revolver,f,m
neutrino,m,m
paillote,m,f
muflerie,f,f
castagne,m,f
factieux,m,m
riesling,m,m
patronne,f,f
penchant,m,m
cornière,m,f
droiture,f,f
vaniteux,m,m
calanque,f,f
troufion,m,m
arganier,f,m
poitrine,f,f
aventure,f,f
caissier,m,m
pêcheuse,f,f
paysanne,m,f
frisette,m,f
gravosse,m,f
virilité,m,f
margrave,f,m
timidité,m,f
conquête,f,f
non-sens,m,m
outsider,m,m
pression,m,f
enfoirée,f,f
incarnat,m,m
retombée,f,f
prodrome,f,m
lionceau,m,m
brouette,f,f
laudanum,m,m
plumitif,m,m
fonction,m,f
poivrade,f,f
conscrit,m,m
harangue,m,f
morveuse,f,f
grimpant,m,m
droitier,f,m
monarque,f,m
bourrade,f,f
placenta,m,m
narcisse,m,m
almanach,m,m
discorde,f,f
trillion,m,m
soupente,f,f
flanelle,m,f
armagnac,m,m
appelant,m,m
comptant,m,m
bungalow,m,m
couveuse,f,f
coiffure,f,f
bédouine,f,f
montreur,m,m
ligament,m,m
retouche,f,f
reléguée,f,f
vachette,m,f
grutière,m,f
terminus,m,m
courtine,f,f
vivarium,m,m
victoire,f,f
oursonne,f,f
innocent,m,m
drôlerie,f,f
centurie,f,f
bêcheuse,f,f
gâchette,f,f
softball,m,m
charnier,f,m
mamelouk,m,m
rugbyman,m,m
waterman,m,m
tactique,m,f
parmesan,m,m
nuisible,m,m
rapidité,m,f
villette,m,f
coursier,f,m
bataille,m,f
avantage,m,m
milanais,m,m
ex-amant,m,m
armateur,m,m
sleeping,m,m
hibiscus,m,m
punition,m,f
briefing,m,m
pit-bull,m,m
enceinte,m,f
sornette,f,f
brahmane,m,m
superman,m,m
ramassis,m,m
demeurée,f,f
monokini,m,m
grimoire,f,m
cousette,f,f
badamier,f,m
sanction,m,f
courtier,f,m
condensé,m,m
archipel,m,m
acquitté,m,m
ramoneur,m,m
juiverie,f,f
brumaire,f,m
fâcheuse,m,f
secousse,f,f
cachalot,m,m
soufflet,m,m
libérale,m,f
boulimie,f,f
pousseur,m,m
merisier,m,m
farceuse,m,f
carquois,m,m
marmiton,m,m
estuaire,f,m
paraclet,m,m
sarrasin,m,m
boutique,m,f
oisillon,m,m
blanchon,m,m
fourrage,f,m
play-boy,m,m
sapement,m,m
kamikaze,f,m
alentour,m,m
corniaud,f,m
divinité,m,f
mignonne,f,f
foutaise,m,f
poudrier,f,m
anti-vol,m,m
surdouée,f,f
fuselage,m,m
contexte,m,m
orchidée,f,f
munition,m,f
kolkhoze,f,m
soigneur,m,m
amandier,f,m
couchage,m,m
ripaille,f,f
bergerie,f,f
froidure,f,f
scarabée,m,m
lichette,f,f
datation,m,f
doctrine,f,f
minutage,m,m
parangon,m,m
pastiche,m,m
ornement,m,m
mi-pente,m,f
moussaka,m,f
balayure,f,f
levantin,m,m
javanais,m,m
mainmise,m,f
tantinet,m,m
roitelet,f,m
chantage,m,m
saharien,f,m
importun,m,m
briscard,f,m
jonction,m,f
vasistas,m,m
porteuse,f,f
applique,m,f
postcure,f,f
blagueur,m,m
vagabond,f,m
forgeron,m,m
orphelin,m,m
julienne,f,f
bakchich,m,m
building,m,m
vocalise,m,f
parcelle,m,f
moqueuse,f,f
empereur,m,m
poussier,m,m
courtage,f,m
marbrure,f,f
flânerie,f,f
corniche,m,f
carouble,f,f
fautrice,m,f
mascotte,f,f
jaquette,m,f
cacheton,m,m
déportée,f,f
salpêtre,f,m
ankylose,m,f
anarchie,m,f
ivoirine,f,f
flambard,f,m
calvados,m,m
principe,f,m
brunette,f,f
filament,m,m
plongeon,m,m
national,m,m
taffetas,m,m
pointage,m,m
parement,m,m
taillade,f,f
cadastre,f,m
naufrage,f,m
habituée,f,f
mercanti,m,m
bouclage,m,m
amusette,f,f
parasite,m,m
savetier,f,m
concubin,m,m
grandeur,m,f
feuillet,m,m
ex-femme,m,f
souvenir,m,m
vitamine,m,f
durillon,m,m
stand-by,m,m
vaseline,m,f
anguille,m,f
courroux,m,m
matamore,f,m
ignition,m,f
fraction,m,f
braquage,f,m
intrigue,m,f
piquouse,f,f
forcenée,f,f
tenaille,m,f
parcours,m,m
bourgeon,m,m
staccato,m,m
conteste,m,m
patinage,m,m
jacquard,f,m
boulotte,m,f
marathon,m,m
opprobre,f,m
pressing,m,m
frustrée,f,f
écolière,m,f
maintien,m,m
bâtiment,m,m
convoyeur,m,m
assimilée,f,f
condiment,f,m
franc-jeu,m,m
varicelle,m,f
alpinisme,m,m
survivant,m,m
pince-nez,m,m
arpenteur,m,m
hors-bord,f,m
armurerie,f,f
platitude,f,f
fragilité,m,f
charlatan,m,m
sacrement,f,m
grenadine,f,f
carrefour,m,m
huisserie,f,f
lancement,m,m
pis-aller,m,m
animateur,m,m
cortisone,f,f
sacrilège,m,m
entrechat,m,m
kangourou,m,m
bramement,m,m
fertilité,m,f
mini-jupe,f,f
cul-blanc,m,m
chanfrein,m,m
cartilage,m,m
malappris,m,m
pourboire,f,m
hortensia,m,m
chatterie,f,f
redingote,f,f
sculpture,f,f
sympathie,m,f
jiu-jitsu,m,m
anti-gang,m,m
mi-course,f,f
parlement,m,m
cellulose,m,f
stabilité,m,f
chilienne,f,f
invisible,m,m
monticule,m,m
brouillon,m,m
caravelle,m,f
poulaille,m,f
diversité,m,f
inconfort,m,m
égreneuse,m,f
bourgogne,f,m
fournaise,m,f
mouflette,m,f
champagne,m,m
intrusion,m,f
mi-carême,f,f
grouillot,m,m
ramasseur,m,m
noisetier,f,m
muselière,m,f
piraterie,f,f
cornemuse,f,f
délatrice,f,f
meurtrier,f,m
paparazzi,m,m
bouffonne,f,f
incidence,f,f
confluent,m,m
brigantin,m,m
objecteur,m,m
ramassage,m,m
bourgeois,m,m
rancunier,f,m
couleuvre,f,f
patchwork,m,m
bouquetin,m,m
garniture,f,f
salubrité,m,f
languette,m,f
liquidité,m,f
priapisme,f,m
couchette,f,f
pansement,m,m
ardennais,m,m
compagnon,m,m
interlude,f,m
cicatrice,f,f
fourberie,f,f
cantabile,m,m
outillage,m,m
obtention,m,f
impudence,f,f
équipière,m,f
licenciée,f,f
scoubidou,m,m
maniement,m,m
clocheton,m,m
dynamique,m,f
résidente,f,f
lesbienne,f,f
appendice,f,m
demi-mort,m,m
incroyant,m,m
plat-bord,f,m
fantassin,m,m
caquetage,m,m
emballage,m,m
lubricité,m,f
habilleur,m,m
raccourci,m,m
virulence,f,f
arrivisme,f,m
pissenlit,m,m
paresseux,m,m
moinillon,m,m
ressource,f,f
bouclette,f,f
blasphème,m,m
trimestre,f,m
maquisard,f,m
roturière,m,f
tatoueuse,f,f
inventeur,m,m
allumette,f,f
bougresse,m,f
froussard,f,m
socquette,f,f
manivelle,m,f
versement,f,m
bouffarde,f,f
surnombre,f,m
miraculée,f,f
astragale,m,m
sacrifiée,f,f
suborneur,m,m
librairie,f,f
baragouin,m,m
immixtion,m,f
chasseuse,f,f
altimètre,m,m
chapelain,m,m
grisaille,f,f
primevère,f,f
repassage,m,m
blondinet,f,m
blancheur,m,f
gondolier,f,m
trousseau,m,m
urbanisme,m,m
gringalet,f,m
serrement,f,m
berlingot,m,m
trappiste,f,m
menuisier,m,m
imitateur,m,m
luminaire,f,m
rougeaude,f,f
fumerolle,m,f
citadelle,m,f
contredit,m,m
thrombose,f,f
châtaigne,m,f
imitation,m,f
ordinaire,f,m
marinière,m,f
chauffeur,m,m
carburant,m,m
cornichon,m,m
prochaine,f,f
braqueuse,f,f
voltigeur,m,m
illuminée,f,f
moustache,m,f
chalumeau,m,m
roquefort,m,m
palissade,m,f
calembour,f,m
lentisque,m,m
demandeur,m,m
plomberie,f,f
vestibule,m,m
baldaquin,m,m
gingembre,f,m
frimousse,f,f
ambulance,m,f
monsignor,m,m
fermeture,f,f
gonocoque,f,m
tungstène,m,m
tantrisme,f,m
apartheid,f,m
pour-cent,f,m
baroudeur,m,m
paillette,m,f
animation,m,f
chartreux,m,m
déclassée,m,f
soutenant,m,m
palanquin,m,m
campement,m,m
cure-dent,f,m
vermillon,m,m
confiture,f,f
mitraille,m,f
leitmotiv,m,m
mandibule,m,f
panonceau,m,m
pourliche,m,m
repiquage,m,m
assurance,m,f
nihilisme,f,m
sparadrap,m,m
raclement,m,m
chapelier,f,m
tranchoir,m,m
anicroche,f,f
snack-bar,m,m
bel canto,m,m
merveille,m,f
massepain,m,m
incursion,m,f
manigance,m,f
andouille,m,f
adversité,m,f
porcherie,f,f
brasserie,f,f
ravisseur,m,m
chapiteau,m,m
araucaria,m,m
déchaînée,m,f
voisinage,m,m
moucheron,m,m
boy-scout,m,m
vingtaine,m,f
clergyman,m,m
écaillère,m,f
cimeterre,f,m
paralysie,m,f
berlingue,m,m
blanc-bec,m,m
demi-dieu,m,m
longitude,f,f
sud-ouest,m,m
faussaire,m,m
électrice,f,f
corneille,f,f
marasquin,m,m
incendiée,f,f
girandole,f,f
confident,m,m
infarctus,m,m
jappement,m,m
halothane,m,m
précieuse,f,f
trépassée,f,f
amourette,m,f
stock-car,m,m
escorteur,m,m
fricassée,m,f
dictateur,m,m
aquarelle,f,f
dictature,f,f
stalinien,m,m
fabricant,m,m
truandage,f,m
cimetière,m,m
formalité,m,f
couperose,f,f
chiendent,f,m
caillasse,m,f
cuadrilla,m,f
renifleur,m,m
chtouille,f,f
oubliette,m,f
bronchite,f,f
campagnol,m,m
catalogue,m,m
migrateur,m,m
quinquina,m,m
sous-chef,m,m
coin-coin,m,m
barricade,f,f
carreleur,m,m
ronchonne,f,f
sarabande,f,f
marmelade,f,f
chevreuil,m,m
cafeteria,m,f
admission,m,f
gibecière,m,f
permanent,m,m
canebière,m,f
macintosh,m,m
corbeille,f,f
flammèche,m,f
convaincu,m,m
margarine,f,f
arpentage,m,m
adulation,m,f
bricheton,m,m
fouetteur,m,m
concentré,m,m
charrette,f,f
fair-play,m,m
sarrasine,m,f
frou-frou,m,m
amaryllis,m,f
artilleur,m,m
trattoria,m,f
arracheur,f,m
couturier,f,m
dynamisme,m,m
paradigme,f,m
sacerdoce,f,m
tentateur,m,m
asparagus,m,m
grimpeuse,f,f
raillerie,f,f
voltmètre,m,m
illogisme,m,m
boucherie,f,f
courtisan,m,m
discobole,f,m
palliatif,m,m
centurion,m,m
chlamydia,m,f
trentaine,f,f
carrelage,m,m
charançon,m,m
testament,m,m
teuf-teuf,m,m
trou-trou,m,m
emphysème,m,m
balluchon,m,m
inversion,m,f
empreinte,m,f
guimbarde,f,f
constante,m,f
pipe-line,m,m
cafetière,m,f
irlandais,m,m
chevrette,f,f
tentation,m,f
majordome,f,m
vainqueur,m,m
volubilis,m,m
tabassage,m,m
hurlement,f,m
servitude,f,f
incunable,m,m
base-ball,m,m
sensation,m,f
grand-rue,f,f
accordeur,m,m
spadassin,m,m
haridelle,f,f
sous-bois,m,m
chalutier,f,m
jardinier,f,m
frigidité,m,f
renoncule,f,f
arachnide,f,m
strabisme,f,m
galantine,m,f
jardinage,f,m
souteneur,m,m
purulence,f,f
burlesque,m,m
débauchée,f,f
sauvetage,m,m
enjôleuse,m,f
fusillade,f,f
capitaine,m,m
médaillée,m,f
cantinier,m,m
plaquette,m,f
recruteur,m,m
inanition,m,f
consensus,m,m
angoissée,m,f
benjamine,m,f
pistolero,m,m
tarentule,f,f
soiffarde,f,f
dies irae,f,m
septembre,f,m
historien,f,m
optimisme,m,m
flatterie,m,f
nettoyage,m,m
prompteur,m,m
pont-neuf,m,m
ultimatum,m,m
laryngite,m,f
arbitrage,m,m
charivari,m,m
maintenue,m,f
croisette,f,f
mandarine,m,f
formation,m,f
tournevis,m,m
passavant,m,m
contenant,m,m
mollusque,m,m
guirlande,f,f
grincheux,m,m
unanimité,m,f
bookmaker,f,m
madeleine,m,f
entremise,m,f
infirmité,m,f
rabatteur,m,m
principat,m,m
grotesque,m,m
affranchi,m,m
chabraque,f,f
enculerie,f,f
recherche,f,f
avènement,m,m
clownerie,f,f
grand-duc,m,m
ristourne,f,f
gloutonne,f,f
berlinois,m,m
encablure,f,f
supplique,m,f
enjambeur,m,m
contagion,m,f
bande-son,m,f
imposteur,m,m
tohu-bohu,m,m
ascendant,m,m
gradation,m,f
tavernier,f,m
surmenage,f,m
aspersion,m,f
quinzaine,m,f
grimpette,f,f
encensoir,m,m
radiateur,m,m
verticale,f,f
majuscule,f,f
encadreur,m,m
apparence,f,f
tambourin,m,m
personnel,m,m
ahanement,m,m
magistrat,m,m
ceinturon,m,m
caractère,m,m
attention,m,f
fossoyeur,m,m
loyalisme,m,m
principal,m,m
absurdité,m,f
dentition,m,f
roulement,f,m
apprenant,m,m
rangement,m,m
babillage,m,m
quarteron,m,m
soudanais,m,m
aubergine,m,f
traqueuse,f,f
boomerang,m,m
tradition,m,f
continuum,m,m
uruguayen,f,m
langouste,m,f
vaillance,m,f
marcheuse,f,f
soignante,m,f
splendeur,m,f
sacripant,m,m
orchestre,f,m
astiquage,m,m
addiction,m,f
fruitière,m,f
reptation,m,f
vacancier,m,m
agitation,m,f
superstar,m,f
suzeraine,f,f
gisquette,m,f
fric-frac,m,m
rythmique,m,f
hochement,f,m
cale-pied,m,m
salissure,m,f
maquereau,m,m
mondanité,m,f
cassoulet,m,m
brodequin,m,m
placement,m,m
pardessus,m,m
tournelle,f,f
ambassade,m,f
tournedos,m,m
diablerie,f,f
hivernage,f,m
fougeraie,f,f
caparaçon,m,m
fascicule,m,m
substitut,m,m
mangouste,m,f
parchemin,m,m
attrapeur,m,m
politesse,m,f
nationale,m,f
franchise,m,f
serviette,f,f
traquenard,f,m
accotement,m,m
jarretelle,m,f
cordialité,m,f
chrétienne,f,f
continence,m,f
magasinier,m,m
alternance,m,f
accusation,m,f
claquement,m,m
presqu'île,m,f
alignement,m,m
pichenette,m,f
rhumatisme,f,m
kidnapping,f,m
stalagmite,m,f
tourbillon,m,m
lansquenet,m,m
vietnamien,f,m
infanterie,m,f
lubrifiant,m,m
spiritueux,m,m
simulateur,m,m
pare-brise,m,m
persuasion,m,f
enjouement,m,m
polissonne,f,f
aspiration,m,f
imprimerie,f,f
cache-sexe,m,m
serpentine,f,f
sex-appeal,m,m
irritation,m,f
faire-part,m,m
bien-aimée,f,f
jouvenceau,m,m
blanc-bleu,m,m
francisque,m,f
paranormal,m,m
sensualité,m,f
rond-point,m,m
purgatoire,f,m
concurrent,f,m
verbalisme,f,m
croissance,f,f
enlumineur,m,m
gazouillis,m,m
cataplasme,m,m
ronflement,m,m
absorption,m,f
annulation,m,f
enlacement,m,m
charcutier,f,m
musicienne,f,f
quincaille,m,f
limitation,m,f
manzanilla,m,m
repliement,f,m
chinetoque,f,m
amputation,m,f
teinturier,f,m
grognement,f,m
vieillarde,f,f
horlogerie,f,f
voiturette,f,f
bien-fondé,f,m
sous-titre,f,m
chinchilla,m,m
bassinoire,f,f
molletière,m,f
invalidité,m,f
bâtisseuse,m,f
sous-tasse,m,f
apaisement,m,m
empilement,m,m
imaginaire,m,m
assistante,m,f
quadrupède,f,m
flibustier,m,m
forgeronne,f,f
cartonnage,m,m
mangonneau,m,m
admiration,m,f
conducteur,m,m
goinfrerie,f,f
sous-homme,f,m
antipathie,m,f
industriel,m,m
branle-bas,m,m
petit-fils,m,m
congestion,m,f
pause-café,m,f
socialisme,f,m
mouscaille,m,f
assaillant,m,m
vandalisme,m,m
laborantin,m,m
demi-lieue,f,f
desiderata,m,m
macfarlane,m,m
ciboulette,m,f
ourdissage,m,m
putasserie,f,f
propension,m,f
mensualité,m,f
soubresaut,m,m
triumvirat,m,m
ammoniaque,m,f
forteresse,m,f
handicapée,f,f
lavallière,m,f
allume-gaz,m,m
gladiateur,m,m
corbillard,f,m
bousculade,f,f
palindrome,f,m
similitude,f,f
couinement,f,m
souterrain,m,m
feuilleton,m,m
basketteur,m,m
speakerine,f,f
colporteur,m,m
université,m,f
croisillon,m,m
grincement,f,m
suintement,m,m
groupement,f,m
assassinat,m,m
nourrisson,m,m
avant-bras,m,m
franquisme,f,m
rumination,m,f
flottaison,m,f
accidentée,f,f
centimètre,m,m
vaguelette,m,f
picotement,m,m
inactivité,m,f
embonpoint,m,m
pratiquant,m,m
souffleuse,m,f
charleston,m,m
courbature,f,f
artillerie,f,f
demi-mètre,m,m
ordination,m,f
championne,f,f
journaleux,m,m
bizarrerie,f,f
clappement,m,m
scapulaire,f,m
mi-juillet,m,f
serre-tête,f,m
déshéritée,f,f
confiserie,m,f
permanente,f,f
troubadour,m,m
gougnafier,m,m
incubateur,m,m
peigne-cul,m,m
incroyable,m,m
dictaphone,f,m
music-hall,m,m
initiateur,m,m
nord-ouest,m,m
incubation,m,f
infirmerie,f,f
rattrapage,m,m
secondaire,f,m
hallucinée,f,f
bravissimo,m,m
embrouille,m,f
inhibition,m,f
fourchette,f,f
plasticité,m,f
cordelette,f,f
dissolvant,m,m
ricanement,f,m
loup-garou,m,m
banditisme,f,m
uniformité,m,f
permanence,f,f
carrossier,m,m
succulence,f,f
caoutchouc,m,m
surenchère,m,f
visitation,m,f
subterfuge,f,m
enchanteur,m,m
pertinence,f,f
tue-mouche,m,m
vaisselier,m,m
dysenterie,f,f
grondement,f,m
chrysalide,f,f
carnassier,m,m
cataclysme,m,m
lessiveuse,f,f
injonction,m,f
creusement,f,m
charretier,f,m
usurpateur,m,m
grattement,m,m
chapardage,f,m
traducteur,m,m
difficulté,m,f
aspidistra,m,m
corpuscule,f,m
clarinette,f,f
homosexuel,m,m
inhumation,m,f
combattant,m,m
tapotement,m,m
allume-feu,m,m
notre-dame,f,f
backgammon,m,m
empoignade,f,f
sentinelle,m,f
blanquette,m,f
propulseur,m,m
casse-pipe,f,m
fanfaronne,f,f
balourdise,f,f
visibilité,m,f
bastringue,f,m
canapé-lit,m,m
baleinière,m,f
dentifrice,m,m
raisonneur,m,m
artificier,m,m
expression,m,f
interstice,f,m
main-forte,m,f
plasticien,m,m
finlandais,m,m
toulousain,m,m
silencieux,m,m
confidente,f,f
saturation,m,f
comestible,f,m
composteur,m,m
torpilleur,m,m
maxillaire,m,m
projecteur,m,m
demi-frère,m,m
gouvernail,m,m
paillasson,m,m
bastingage,m,m
bouillotte,f,f
chirurgien,f,m
tapissière,m,f
passerelle,f,f
leadership,m,m
trivialité,m,f
chemiserie,f,f
rabatteuse,f,f
tutoiement,m,m
montagnard,f,m
postulante,m,f
terrassier,f,m
animatrice,m,f
pestiférée,f,f
bandelette,f,f
salutation,m,f
sous-fifre,f,m
initiation,m,f
patriarcat,m,m
agissement,m,m
bijouterie,f,f
affliction,m,f
fourniment,m,m
malentendu,m,m
sourd-muet,f,m
camouflage,m,m
pare-chocs,m,m
pouffiasse,m,f
sifflement,m,m
substantif,m,m
argenterie,f,f
snobinarde,f,f
impatiente,m,f
strychnine,m,f
froussarde,f,f
lavandière,m,f
ravalement,m,m
graduation,m,f
saccharine,f,f
ravisseuse,m,f
milk-shake,f,m
pouilleuse,f,f
reine-mère,m,f
chapardeur,m,m
formulaire,f,m
tractation,m,f
coton-tige,f,m
romanichel,m,m
sauciflard,f,m
truanderie,f,f
mulâtresse,f,f
pourvoyeur,m,m
plantation,m,f
triporteur,m,m
chambertin,m,m
conclusion,m,f
grenouille,f,f
vigneronne,f,f
conscience,m,f
petit-lait,m,m
trois-mâts,m,m
imaginatif,m,m
attraction,m,f
machinisme,f,m
adjonction,m,f
interphone,f,m
replâtrage,f,m
invitation,m,f
collecteur,m,m
balustrade,f,f
inhumanité,m,f
arbrisseau,m,m
saint-père,m,m
soudaineté,m,f
chou-fleur,m,m
divination,m,f
gonflement,m,m
mortadelle,f,f
personnage,m,m
martingale,m,f
abonnement,m,m
engagement,m,m
inférieure,f,f
cabaretier,f,m
rôtissoire,m,f
dissuasion,m,f
dispersion,m,f
truchement,f,m
kidnappeur,m,m
bâillement,m,m
subversion,m,f
challenger,m,m
gargarisme,f,m
enivrement,f,m
bidonville,m,m
dithyrambe,m,m
vermisseau,m,m
apparition,m,f
archivolte,m,f
sous-marin,m,m
bouddhisme,f,m
contenance,f,f
demi-tonne,f,f
cuistrerie,f,f
bacchanale,m,f
commercial,m,m
engouement,f,m
night-club,m,m
remorquage,f,m
chemisette,f,f
remplaçant,m,m
régisseuse,m,f
petit-gris,m,m
bain-marie,f,m
certificat,m,m
discussion,m,f
insouciant,m,m
jean-foutre,f,m
puritanisme,m,m
machination,m,f
serpillière,m,f
raffinement,m,m
vaccination,m,f
rediffusion,m,f
escarpement,f,m
miroitement,m,m
aboutissant,m,m
submersible,f,m
parasitisme,f,m
chatoiement,f,m
lamentation,m,f
instigation,m,f
cofondateur,m,m
poursuivant,m,m
margouillat,m,m
gymnastique,m,f
sans-pareil,m,m
ronde-bosse,f,f
hibernation,m,f
arrangement,m,m
mentonnière,m,f
dandinement,f,m
balancement,m,m
ultraviolet,f,m
formulation,m,f
cordon-bleu,m,m
bolchevisme,f,m
bienfaiteur,m,m
ex-champion,m,m
remontrance,f,f
ratatouille,m,f
tâtonnement,m,m
franciscain,m,m
familiarité,m,f
claire-voie,m,f
inculpation,m,f
concubinage,m,m
chouannerie,f,f
gargoulette,f,f
privilégiée,f,f
basket-ball,m,m
hors-la-loi,m,m
ouvre-boîte,m,m
viticulteur,m,m
homme-femme,f,m
tacticienne,f,f
obstination,m,f
cornouiller,m,m
face-à-face,m,m
dentellière,m,f
nonchalance,m,f
gracieuseté,m,f
transportée,f,f
stylo-bille,m,m
limonadière,m,f
allaitement,m,m
demi-finale,m,f
survêtement,f,m
singularité,m,f
jacassement,m,m
commerçante,m,f
coupe-gorge,f,m
constituant,m,m
strip-tease,f,m
mastication,m,f
combativité,m,f
amontillado,m,m
narcissisme,m,m
cafouillage,m,m
rempailleur,m,m
maniaquerie,m,f
acharnement,f,m
californien,f,m
capitalisme,m,m
brillantine,m,f
orang-outan,m,m
suffragette,f,f
soulèvement,m,m
respiration,m,f
cambriolage,m,m
casernement,f,m
castagnette,m,f
songe-creux,m,m
demi-mesure,f,f
initiatrice,f,f
mère-patrie,f,f
baraquement,m,m
aveuglement,m,m
cheminement,f,m
flanc-garde,f,f
abracadabra,m,m
contrepoint,m,m
performance,m,f
charbonnage,m,m
croque-mort,m,m
superviseur,m,m
retardement,f,m
milligramme,f,m
malchanceux,m,m
ragougnasse,m,f
bloody mary,m,m
quadrillage,f,m
ferblantier,m,m
businessman,m,m
stimulateur,m,m
enfantement,m,m
classicisme,f,m
supputation,m,f
arrachement,m,m
pisse-froid,m,m
tribulation,m,f
marchandise,f,f
publication,m,f
branchement,m,m
délinquante,m,f
chapardeuse,f,f
candidature,f,f
enroulement,f,m
ventilateur,m,m
cordonnière,m,f
discordance,f,f
informateur,m,m
plantigrade,f,m
matelassier,m,m
inattention,m,f
mort-vivant,m,m
criminalité,m,f
groupuscule,f,m
chuintement,f,m
pentagramme,m,m
tuberculose,f,f
empiètement,m,m
assignation,m,f
mollassonne,f,f
appartement,m,m
unification,m,f
bonimenteur,m,m
destructeur,m,m
soixantaine,m,f
inquisiteur,m,m
ajournement,f,m
soulagement,m,m
distillerie,f,f
signalement,m,m
cheese-cake,f,m
paris-brest,m,m
apparatchik,m,m
piaillement,m,m
framboisier,m,m
palissandre,f,m
vacillement,m,m
cha-cha-cha,m,m
gratte-ciel,m,m
renoncement,f,m
plain-chant,m,m
entendement,f,m
prospecteur,m,m
hyperespace,f,m
broussaille,m,f
garde-corps,m,m
soldatesque,m,f
terre-neuve,f,m
fanfreluche,m,f
frustration,m,f
contraction,m,f
vice-amiral,m,m
fox-terrier,f,m
fantastique,m,m
attribution,m,f
subsistance,m,f
passe-droit,f,m
avertisseur,m,m
distinction,m,f
camping-car,m,m
cache-cache,m,m
living-room,f,m
wagon-salon,m,m
concurrence,f,f
harcèlement,m,m
chewing-gum,m,m
bourgeoisie,f,f
martèlement,m,m
contrepoids,m,m
marguillier,f,m
camping-gaz,m,m
margoulette,f,f
entassement,m,m
grand-route,f,f
instruction,m,f
patricienne,m,f
passe-passe,m,m
belle-fille,m,f
information,m,f
chouraveuse,f,f
instigateur,m,m
institution,m,f
indiennerie,f,f
gourgandine,f,f
porte-plume,f,m
camaraderie,f,f
continental,m,m
emportement,m,m
carburateur,m,m
tachycardie,f,f
conjoncture,f,f
entrecuisse,m,m
libertinage,m,m
salmigondis,m,m
contre-pied,f,m
langoustine,m,f
mitraillade,f,f
escarboucle,f,f
destruction,m,f
brandebourg,f,m
assentiment,m,m
forfanterie,f,f
pullulement,m,m
contractuel,m,m
perruquière,m,f
mugissement,m,m
avant-garde,f,f
insouciance,f,f
donjuanisme,m,m
vagissement,m,m
contracture,f,f
immortalité,m,f
recoupement,f,m
sauvageonne,f,f
palestinien,m,m
pourfendeur,m,m
charcuterie,f,f
citoyenneté,m,f
compte-fils,m,m
laboratoire,f,m
arc-en-ciel,m,m
versaillais,m,m
enterrement,f,m
promontoire,f,m
gendarmerie,f,f
tiers-monde,f,m
inconscient,m,m
contre-jour,m,m
affiliation,m,f
arquebusier,f,m
promptitude,f,f
contrebande,f,f
insinuation,m,f
affairement,m,m
rugissement,m,m
subdivision,m,f
contrefaçon,m,f
marqueterie,f,f
avant-poste,m,m
caquètement,m,m
agriculture,f,f
fabrication,m,f
fulguration,m,f
bla-bla-bla,m,m
bifurcation,m,f
nasillement,m,m
transparent,m,m
terre-plein,m,m
palefrenier,m,m
grand-voile,f,f
mitrailleur,m,m
quatre-mâts,m,m
pakistanais,m,m
casse-dalle,m,m
musculation,m,f
carton-pâte,f,m
chanterelle,f,f
naturalisme,f,m
criaillerie,f,f
tuberculeuse,f,f
rapatriement,f,m
anticipation,m,f
comptabilité,m,f
compte-tours,m,m
intervention,m,f
claustration,m,f
infiltration,m,f
sac-poubelle,f,m
malchanceuse,m,f
inadvertance,f,f
dispensateur,m,m
trois-quarts,m,m
manipulateur,m,m
ronronnement,f,m
avilissement,m,m
informatique,m,f
demi-portion,m,f
confiscation,m,f
arrière-goût,m,m
architecture,f,f
procuratrice,f,f
industrielle,m,f
souveraineté,m,f
grelottement,f,m
mousquetaire,f,m
porte-glaive,f,m
cartouchière,m,f
charpentière,m,f
blanchissage,m,m
interdiction,m,f
bouffonnerie,f,f
cul-de-jatte,f,m
saint-pierre,f,m
byzantinisme,m,m
pigmentation,m,f
brûle-gueule,f,m
pleurnichard,f,m
complication,m,f
interjection,m,f
bombardement,f,m
désenchantée,m,f
savoir-vivre,f,m
clair-obscur,m,m
voussoiement,f,m
self-service,f,m
effleurement,f,m
empierrement,f,m
atermoiement,f,m
organisation,m,f
enfantillage,m,m
cantonnement,m,m
incontinence,m,f
appointement,f,m
entrepreneur,m,m
parachutisme,f,m
distributeur,m,m
constriction,m,f
manifestante,m,f
hallebardier,f,m
pattemouille,m,f
reine-claude,f,f
conservation,m,f
construction,m,f
patrouilleur,m,m
demi-journée,f,f
blanchisseur,m,m
rouflaquette,m,f
consultation,m,f
contrevenant,m,m
stridulation,m,f
chasse-neige,f,m
horticulteur,m,m
couscoussier,m,m
chuchotement,f,m
intimidation,m,f
tête-de-mort,m,f
anniversaire,f,m
incrustation,m,f
couronnement,f,m
vallonnement,f,m
embarquement,f,m
nid-de-poule,f,m
essuie-mains,m,m
mitraillette,m,f
demi-pension,m,f
ramification,m,f
maigrichonne,f,f
transpondeur,m,m
observatoire,f,m
marmonnement,f,m
portefeuille,f,m
compétitrice,f,f
inauguration,m,f
décontractée,f,f
linguistique,m,f
invisibilité,m,f
rougeoiement,f,m
regroupement,f,m
rince-doigts,m,m
défenderesse,f,f
discernement,f,m
contraceptif,m,m
retrouvaille,m,f
insoumission,m,f
consentement,m,m
agrandisseur,m,m
redressement,f,m
accumulation,m,f
franc-tireur,m,m
implantation,m,f
raz-de-marée,f,m
horticulture,f,f
toussotement,m,m
irish coffee,f,m
subconscient,m,m
constitution,m,f
pacification,m,f
martiniquais,m,m
sous-titrage,f,m
contremaître,f,m
petit-beurre,f,m
perspicacité,m,f
bimbeloterie,f,f
arrière-cour,f,f
saint-cyrien,f,m
sifflotement,f,m
menstruation,m,f
intéressante,m,f
insuffisance,m,f
vert-de-gris,m,m
faire-valoir,m,m
licenciement,f,m
calculatrice,f,f
paternalisme,f,m
quincaillier,m,m
constatation,m,f
retournement,f,m
bicentenaire,f,m
clairvoyance,f,f
justificatif,m,m
poisson-chat,m,m
surgissement,f,m
thanksgiving,m,m
compensation,m,f
contrepoison,m,m
conciliabule,m,m
lapis-lazuli,m,m
embrassement,m,m
durcissement,m,m
programmeuse,m,f
foisonnement,f,m
sous-entendu,m,m
contrepartie,f,f
contentement,m,m
conscription,m,f
amour-propre,f,m
ressassement,m,m
perturbateur,m,m
claque-merde,f,m
masturbation,m,f
intellectuel,m,m
cannibalisme,m,m
garden-party,m,f
bondissement,f,m
condensation,m,f
barbiturique,f,m
pater noster,m,m
self-control,m,m
cheeseburger,m,m
sans-filiste,m,m
continuation,m,f
lance-pierre,f,m
embrouilleur,m,m
grasseyement,m,m
conquistador,m,m
centre-ville,f,m
adjudication,m,f
barrissement,f,m
cartomancien,m,m
clignotement,m,m
paperasserie,f,f
porte-à-faux,m,m
grand-prêtre,f,m
psychanalyse,m,f
mademoiselle,m,f
jaillissement,m,m
scintillement,f,m
allume-cigare,f,m
mystificateur,m,m
contamination,m,f
stationnement,f,m
haut-le-coeur,m,m
superstitieux,m,m
chèvrefeuille,f,m
enfouissement,m,m
participation,m,f
individualité,m,f
invincibilité,m,f
justification,m,f
recueillement,f,m
bourguignonne,f,f
blanchecaille,m,f
chambardement,f,m
semi-remorque,f,m
hors-d'oeuvre,f,m
croquemitaine,f,m
contemplation,m,f
oiseau-mouche,f,m
quincaillière,m,f
arrière-train,m,m
sergent-major,m,m
adoucissement,f,m
blanchisserie,f,f
conventionnel,m,m
conservatisme,f,m
pourrissement,f,m
aplanissement,m,m
gazouillement,m,m
cloisonnement,f,m
ornementation,m,f
amoncellement,m,m
avertissement,m,m
ex-championne,f,f
signalisation,m,f
libre-service,f,m
reproductrice,f,f
courtisanerie,f,f
charlatanisme,m,m
nord-africain,m,m
lampe-tempête,f,f
mortification,m,f
haut-le-corps,m,m
consternation,m,f
bourdonnement,f,m
rembarquement,f,m
croc-en-jambe,m,m
inconsistance,m,f
belle-famille,m,f
aphrodisiaque,f,m
amplificateur,m,m
rentre-dedans,m,m
accroissement,f,m
compatibilité,m,f
impassibilité,m,f
franc-maçonne,f,f
quatre-quarts,m,m
archimandrite,f,m
dissimulation,m,f
apprentissage,m,m
stabilisateur,m,m
fragmentation,m,f
international,m,m
aboutissement,m,m
quincaillerie,f,f
tiroir-caisse,m,m
administratif,m,m
strangulation,m,f
strip-teaseur,m,m
trompe-l'oeil,m,m
consommatrice,f,f
sèche-cheveux,m,m
envahissement,m,m
bougainvillée,m,f
concentration,m,f
informaticien,m,m
ravitailleuse,m,f
porte-drapeau,m,m
mystification,m,f
porte-tambour,m,m
contradiction,m,f
rassemblement,f,m
mille-feuille,m,m
enveloppement,f,m
stabilisation,m,f
soutien-gorge,f,m
aide-soignant,m,m
programmatrice,f,f
positionnement,f,m
recommencement,f,m
reconnaissance,m,f
retentissement,f,m
fonctionnement,f,m
franchouillard,f,m
monte-en-l'air,m,m
ravitaillement,m,m
côtes-du-rhône,m,m
reconstitution,m,f
assouvissement,f,m
emprisonnement,f,m
encorbellement,f,m
redistribution,m,f
cosmopolitisme,f,m
asservissement,f,m
simplification,m,f
assoupissement,f,m
entourloupette,f,f
presse-papiers,m,m
lance-missiles,m,m
arrondissement,f,m
assaisonnement,f,m
agenouillement,f,m
avant-première,f,f
agrandissement,f,m
modus operandi,f,m
boute-en-train,m,m
condescendance,f,f
portrait-robot,m,m
passe-montagne,m,m
blasphématrice,f,f
administrateur,m,m
transformateur,m,m
tranquillisant,m,m
contre-attaque,f,f
compte-gouttes,m,m
franchissement,m,m
enrichissement,f,m
pleurnichement,f,m
confectionneur,m,m
cinquantenaire,m,m
brigadier-chef,f,m
tergiversation,m,f
initialisation,m,f
court-bouillon,m,m
chatouillement,f,m
sous-ventrière,m,f
classification,m,f
arrière-pensée,m,f
collaboratrice,f,f
camion-citerne,f,m
identification,m,f
contre-courant,m,m
quartier-maître,f,m
attendrissement,f,m
qu'en-dira-t-on,m,m
toute-puissance,m,f
traditionalisme,m,m
restructuration,m,f
insubordination,m,f
incompatibilité,m,f
professionnelle,f,f
conditionnement,f,m
engloutissement,f,m
dessous-de-plat,m,m
perpendiculaire,f,f
engourdissement,f,m
immatriculation,m,f
petit-bourgeois,m,m
transplantation,m,f
neurochirurgien,f,m
confidentialité,m,f
transatlantique,m,m
porte-parapluies,m,m
quatre-vingt-dix,m,m
contre-la-montre,f,m
porte-cigarettes,m,m
haut-commissaire,f,m
affranchissement,m,m
bernard-l'ermite,f,m
homme-grenouille,f,m
dysfonctionnement,f,m
approvisionnement,f,m
sous-alimentation,m,f
cul-de-basse-fosse,f,m
marie-couche-toi-là,m,f
transsubstantiation,m,f
